{"count":1,"gauges":{},"self":69.2847424,"total":70.3351509,"children":{"AgentSendState":{"count":3447,"self":0.078652,"total":0.098595499999999989,"children":{"CollectObservations":{"count":2760,"self":0.0199435,"total":0.0199435,"children":null}}},"DecideAction":{"count":3447,"self":0.71500789999999992,"total":0.88245869999999993,"children":{"RayPerceptionSensor.Perceive":{"count":8280,"self":0.16745079999999998,"total":0.16745079999999998,"children":null}}},"AgentAct":{"count":3447,"self":0.06835469999999999,"total":0.06835469999999999,"children":null}}}