{"count":1,"self":62.983647999999995,"total":65.3260684,"children":{"AgentResetIfDone":{"count":3034,"self":0.0188095,"total":0.0188095,"children":null},"AgentSendState":{"count":3034,"self":0.0537153,"total":0.2569323,"children":{"CollectObservations":{"count":3403,"self":0.20321699999999998,"total":0.20321699999999998,"children":null}}},"DecideAction":{"count":3034,"self":1.9958588,"total":1.9958589,"children":null},"AcademyStep":{"count":3034,"self":0.007973899999999999,"total":0.007973899999999999,"children":null},"AgentAct":{"count":3034,"self":0.06284569999999999,"total":0.06284569999999999,"children":null}}}